{"DAZHI PENG": 52.400000000000006, "Jeffrey Feng": 44.64, "Yooni Choi": 28.12, "total": 125.16000000000001}