{"Yooni Choi": 424.4, "Jiahe Feng": 458.4400000000001, "DAZHI PENG": 405.6800000000001, "total": 1288.5200000000002}