{"DAZHI PENG": 98.32, "Jeffrey Feng": 65.39999999999999, "Yooni Choi": 40.0, "total": 203.71999999999997}