{"DAZHI PENG": 61.919999999999995, "Jeffrey Feng": 46.48, "Yooni Choi": 26.039999999999996, "total": 134.44}