{"total": 0, "Speaker 1": 424.4, "Speaker 2": 458.4400000000001, "Speaker 3": 405.6800000000001}