{"total": 0, "Speaker 1": 61.919999999999995, "Speaker 2": 46.48, "Speaker 3": 26.039999999999996}